Author,Quote
Winston Churchill,O sucesso é ir de fracasso em fracasso sem perder entusiasmo.
Winston Churchill,O sucesso é ir de fracasso em fracasso sem perder entusiasmo.
Desconhecido,A coragem não é ausência do medo; é a persistência apesar do medo.
Desconhecido,"Se você quer alcançar a grandeza, pare de pedir permissão."
José de Alencar,"O sucesso nasce do querer, da determinação e persistência em se chegar a um objetivo."
Orison Swett Marden,Não espere por oportunidades extraordinárias. Agarre ocasiões comuns e as torne grandes.
José de Alencar,"O sucesso nasce do querer, da determinação e persistência em se chegar a um objetivo."
Orison Swett Marden,Não espere por oportunidades extraordinárias. Agarre ocasiões comuns e as torne grandes.
Roberto Shinyashiki,Tudo o que um sonho precisa para ser realizado é alguém que acredite que ele possa ser realizado.
Orison Swett Marden,Não espere por oportunidades extraordinárias. Agarre ocasiões comuns e as torne grandes.
Desconhecido,A coragem não é ausência do medo; é a persistência apesar do medo.
Friedrich Nietzsche,Só se pode alcançar um grande êxito quando nos mantemos fiéis a nós mesmos.
Roberto Shinyashiki,Tudo o que um sonho precisa para ser realizado é alguém que acredite que ele possa ser realizado.
Winston Churchill,O sucesso é ir de fracasso em fracasso sem perder entusiasmo.
Charles Chaplin,A persistência é o caminho do êxito.
José de Alencar,"O sucesso nasce do querer, da determinação e persistência em se chegar a um objetivo."
Cynthia Kersey,Acredite em si próprio e chegará um dia em que os outros não terão outra escolha senão acreditar com você.
José de Alencar,"O sucesso nasce do querer, da determinação e persistência em se chegar a um objetivo."
Charles Chaplin,A persistência é o caminho do êxito.
Charles Chaplin,A persistência é o caminho do êxito.
Orison Swett Marden,Não espere por oportunidades extraordinárias. Agarre ocasiões comuns e as torne grandes.
Roberto Shinyashiki,Tudo o que um sonho precisa para ser realizado é alguém que acredite que ele possa ser realizado.
Charles Swindoll,A vida é 10% o que acontece comigo e 90% como eu reajo a isso.
Winston Churchill,O sucesso é ir de fracasso em fracasso sem perder entusiasmo.
Charles Swindoll,A vida é 10% o que acontece comigo e 90% como eu reajo a isso.
José de Alencar,"O sucesso nasce do querer, da determinação e persistência em se chegar a um objetivo."
José de Alencar,"O sucesso nasce do querer, da determinação e persistência em se chegar a um objetivo."
Desconhecido,"Se você quer alcançar a grandeza, pare de pedir permissão."
Cynthia Kersey,Acredite em si próprio e chegará um dia em que os outros não terão outra escolha senão acreditar com você.
Winston Churchill,O sucesso é ir de fracasso em fracasso sem perder entusiasmo.
Charles Chaplin,A persistência é o caminho do êxito.
Desconhecido,"Se você quer alcançar a grandeza, pare de pedir permissão."
Cynthia Kersey,Acredite em si próprio e chegará um dia em que os outros não terão outra escolha senão acreditar com você.
Winston Churchill,O sucesso é ir de fracasso em fracasso sem perder entusiasmo.
Charles Chaplin,A persistência é o caminho do êxito.
Cynthia Kersey,Acredite em si próprio e chegará um dia em que os outros não terão outra escolha senão acreditar com você.
José de Alencar,"O sucesso nasce do querer, da determinação e persistência em se chegar a um objetivo."
Winston Churchill,O sucesso é ir de fracasso em fracasso sem perder entusiasmo.
Charles Chaplin,A persistência é o caminho do êxito.
José de Alencar,"O sucesso nasce do querer, da determinação e persistência em se chegar a um objetivo."
José de Alencar,"O sucesso nasce do querer, da determinação e persistência em se chegar a um objetivo."
Charles Chaplin,A persistência é o caminho do êxito.
José de Alencar,"O sucesso nasce do querer, da determinação e persistência em se chegar a um objetivo."
Charles Chaplin,A persistência é o caminho do êxito.
Orison Swett Marden,Não espere por oportunidades extraordinárias. Agarre ocasiões comuns e as torne grandes.
Roberto Shinyashiki,Tudo o que um sonho precisa para ser realizado é alguém que acredite que ele possa ser realizado.
Orison Swett Marden,Não espere por oportunidades extraordinárias. Agarre ocasiões comuns e as torne grandes.
Winston Churchill,O sucesso é ir de fracasso em fracasso sem perder entusiasmo.
José de Alencar,"O sucesso nasce do querer, da determinação e persistência em se chegar a um objetivo."
Charles Chaplin,A persistência é o caminho do êxito.
Charles Chaplin,A persistência é o caminho do êxito.
Desconhecido,A coragem não é ausência do medo; é a persistência apesar do medo.
Cynthia Kersey,Acredite em si próprio e chegará um dia em que os outros não terão outra escolha senão acreditar com você.
Roberto Shinyashiki,Tudo o que um sonho precisa para ser realizado é alguém que acredite que ele possa ser realizado.
Winston Churchill,O sucesso é ir de fracasso em fracasso sem perder entusiasmo.
Friedrich Nietzsche,Só se pode alcançar um grande êxito quando nos mantemos fiéis a nós mesmos.
Cynthia Kersey,Acredite em si próprio e chegará um dia em que os outros não terão outra escolha senão acreditar com você.
Charles Chaplin,A persistência é o caminho do êxito.
Desconhecido,"Se você quer alcançar a grandeza, pare de pedir permissão."
Charles Chaplin,A persistência é o caminho do êxito.
José de Alencar,"O sucesso nasce do querer, da determinação e persistência em se chegar a um objetivo."
José de Alencar,"O sucesso nasce do querer, da determinação e persistência em se chegar a um objetivo."
Desconhecido,"Se você quer alcançar a grandeza, pare de pedir permissão."
Winston Churchill,O sucesso é ir de fracasso em fracasso sem perder entusiasmo.
José de Alencar,"O sucesso nasce do querer, da determinação e persistência em se chegar a um objetivo."
José de Alencar,"O sucesso nasce do querer, da determinação e persistência em se chegar a um objetivo."
Charles Chaplin,A persistência é o caminho do êxito.
Cynthia Kersey,Acredite em si próprio e chegará um dia em que os outros não terão outra escolha senão acreditar com você.
Cynthia Kersey,Acredite em si próprio e chegará um dia em que os outros não terão outra escolha senão acreditar com você.
Desconhecido,A coragem não é ausência do medo; é a persistência apesar do medo.
Desconhecido,A coragem não é ausência do medo; é a persistência apesar do medo.
José de Alencar,"O sucesso nasce do querer, da determinação e persistência em se chegar a um objetivo."
Charles Swindoll,A vida é 10% o que acontece comigo e 90% como eu reajo a isso.
Roberto Shinyashiki,Tudo o que um sonho precisa para ser realizado é alguém que acredite que ele possa ser realizado.
Charles Swindoll,A vida é 10% o que acontece comigo e 90% como eu reajo a isso.
Charles Chaplin,A persistência é o caminho do êxito.
Charles Chaplin,A persistência é o caminho do êxito.
Orison Swett Marden,Não espere por oportunidades extraordinárias. Agarre ocasiões comuns e as torne grandes.
Cynthia Kersey,Acredite em si próprio e chegará um dia em que os outros não terão outra escolha senão acreditar com você.
Cynthia Kersey,Acredite em si próprio e chegará um dia em que os outros não terão outra escolha senão acreditar com você.
Orison Swett Marden,Não espere por oportunidades extraordinárias. Agarre ocasiões comuns e as torne grandes.
Roberto Shinyashiki,Tudo o que um sonho precisa para ser realizado é alguém que acredite que ele possa ser realizado.
Orison Swett Marden,Não espere por oportunidades extraordinárias. Agarre ocasiões comuns e as torne grandes.
Roberto Shinyashiki,Tudo o que um sonho precisa para ser realizado é alguém que acredite que ele possa ser realizado.
Charles Chaplin,A persistência é o caminho do êxito.
Orison Swett Marden,Não espere por oportunidades extraordinárias. Agarre ocasiões comuns e as torne grandes.
Orison Swett Marden,Não espere por oportunidades extraordinárias. Agarre ocasiões comuns e as torne grandes.
José de Alencar,"O sucesso nasce do querer, da determinação e persistência em se chegar a um objetivo."
Roberto Shinyashiki,Tudo o que um sonho precisa para ser realizado é alguém que acredite que ele possa ser realizado.
Roberto Shinyashiki,Tudo o que um sonho precisa para ser realizado é alguém que acredite que ele possa ser realizado.
Winston Churchill,O sucesso é ir de fracasso em fracasso sem perder entusiasmo.
Friedrich Nietzsche,Só se pode alcançar um grande êxito quando nos mantemos fiéis a nós mesmos.
Winston Churchill,O sucesso é ir de fracasso em fracasso sem perder entusiasmo.
Desconhecido,"Se você quer alcançar a grandeza, pare de pedir permissão."
Desconhecido,"Se você quer alcançar a grandeza, pare de pedir permissão."
Charles Chaplin,A persistência é o caminho do êxito.
Desconhecido,A coragem não é ausência do medo; é a persistência apesar do medo.
Desconhecido,"Se você quer alcançar a grandeza, pare de pedir permissão."
Desconhecido,"Se você quer alcançar a grandeza, pare de pedir permissão."
Charles Chaplin,A persistência é o caminho do êxito.
Friedrich Nietzsche,Só se pode alcançar um grande êxito quando nos mantemos fiéis a nós mesmos.
Friedrich Nietzsche,Só se pode alcançar um grande êxito quando nos mantemos fiéis a nós mesmos.
Winston Churchill,O sucesso é ir de fracasso em fracasso sem perder entusiasmo.
Friedrich Nietzsche,Só se pode alcançar um grande êxito quando nos mantemos fiéis a nós mesmos.
Charles Chaplin,A persistência é o caminho do êxito.
Friedrich Nietzsche,Só se pode alcançar um grande êxito quando nos mantemos fiéis a nós mesmos.
Roberto Shinyashiki,Tudo o que um sonho precisa para ser realizado é alguém que acredite que ele possa ser realizado.
Desconhecido,A coragem não é ausência do medo; é a persistência apesar do medo.
José de Alencar,"O sucesso nasce do querer, da determinação e persistência em se chegar a um objetivo."
Winston Churchill,O sucesso é ir de fracasso em fracasso sem perder entusiasmo.
Charles Swindoll,A vida é 10% o que acontece comigo e 90% como eu reajo a isso.
Winston Churchill,O sucesso é ir de fracasso em fracasso sem perder entusiasmo.
Charles Swindoll,A vida é 10% o que acontece comigo e 90% como eu reajo a isso.
José de Alencar,"O sucesso nasce do querer, da determinação e persistência em se chegar a um objetivo."
José de Alencar,"O sucesso nasce do querer, da determinação e persistência em se chegar a um objetivo."
Cynthia Kersey,Acredite em si próprio e chegará um dia em que os outros não terão outra escolha senão acreditar com você.
Charles Chaplin,A persistência é o caminho do êxito.
Charles Swindoll,A vida é 10% o que acontece comigo e 90% como eu reajo a isso.
Winston Churchill,O sucesso é ir de fracasso em fracasso sem perder entusiasmo.
Charles Swindoll,A vida é 10% o que acontece comigo e 90% como eu reajo a isso.
Charles Chaplin,A persistência é o caminho do êxito.
Friedrich Nietzsche,Só se pode alcançar um grande êxito quando nos mantemos fiéis a nós mesmos.
Charles Chaplin,A persistência é o caminho do êxito.
Orison Swett Marden,Não espere por oportunidades extraordinárias. Agarre ocasiões comuns e as torne grandes.
Winston Churchill,O sucesso é ir de fracasso em fracasso sem perder entusiasmo.
Roberto Shinyashiki,Tudo o que um sonho precisa para ser realizado é alguém que acredite que ele possa ser realizado.
José de Alencar,"O sucesso nasce do querer, da determinação e persistência em se chegar a um objetivo."
Desconhecido,"Se você quer alcançar a grandeza, pare de pedir permissão."
Desconhecido,"Se você quer alcançar a grandeza, pare de pedir permissão."
Charles Swindoll,A vida é 10% o que acontece comigo e 90% como eu reajo a isso.
Charles Swindoll,A vida é 10% o que acontece comigo e 90% como eu reajo a isso.
Charles Swindoll,A vida é 10% o que acontece comigo e 90% como eu reajo a isso.
Orison Swett Marden,Não espere por oportunidades extraordinárias. Agarre ocasiões comuns e as torne grandes.
Charles Chaplin,A persistência é o caminho do êxito.
Friedrich Nietzsche,Só se pode alcançar um grande êxito quando nos mantemos fiéis a nós mesmos.
Winston Churchill,O sucesso é ir de fracasso em fracasso sem perder entusiasmo.
Friedrich Nietzsche,Só se pode alcançar um grande êxito quando nos mantemos fiéis a nós mesmos.
Charles Swindoll,A vida é 10% o que acontece comigo e 90% como eu reajo a isso.
José de Alencar,"O sucesso nasce do querer, da determinação e persistência em se chegar a um objetivo."
Friedrich Nietzsche,Só se pode alcançar um grande êxito quando nos mantemos fiéis a nós mesmos.
Charles Chaplin,A persistência é o caminho do êxito.
Cynthia Kersey,Acredite em si próprio e chegará um dia em que os outros não terão outra escolha senão acreditar com você.
Orison Swett Marden,Não espere por oportunidades extraordinárias. Agarre ocasiões comuns e as torne grandes.
Roberto Shinyashiki,Tudo o que um sonho precisa para ser realizado é alguém que acredite que ele possa ser realizado.
Friedrich Nietzsche,Só se pode alcançar um grande êxito quando nos mantemos fiéis a nós mesmos.
Winston Churchill,O sucesso é ir de fracasso em fracasso sem perder entusiasmo.
Charles Chaplin,A persistência é o caminho do êxito.
Winston Churchill,O sucesso é ir de fracasso em fracasso sem perder entusiasmo.
Desconhecido,A coragem não é ausência do medo; é a persistência apesar do medo.
José de Alencar,"O sucesso nasce do querer, da determinação e persistência em se chegar a um objetivo."
Desconhecido,"Se você quer alcançar a grandeza, pare de pedir permissão."
Desconhecido,"Se você quer alcançar a grandeza, pare de pedir permissão."
Orison Swett Marden,Não espere por oportunidades extraordinárias. Agarre ocasiões comuns e as torne grandes.
Desconhecido,"Se você quer alcançar a grandeza, pare de pedir permissão."
Charles Chaplin,A persistência é o caminho do êxito.
Charles Chaplin,A persistência é o caminho do êxito.
Charles Swindoll,A vida é 10% o que acontece comigo e 90% como eu reajo a isso.
Desconhecido,A coragem não é ausência do medo; é a persistência apesar do medo.
José de Alencar,"O sucesso nasce do querer, da determinação e persistência em se chegar a um objetivo."
Desconhecido,A coragem não é ausência do medo; é a persistência apesar do medo.
Charles Chaplin,A persistência é o caminho do êxito.
Desconhecido,"Se você quer alcançar a grandeza, pare de pedir permissão."
José de Alencar,"O sucesso nasce do querer, da determinação e persistência em se chegar a um objetivo."
Charles Swindoll,A vida é 10% o que acontece comigo e 90% como eu reajo a isso.
Winston Churchill,O sucesso é ir de fracasso em fracasso sem perder entusiasmo.
Cynthia Kersey,Acredite em si próprio e chegará um dia em que os outros não terão outra escolha senão acreditar com você.
Desconhecido,"Se você quer alcançar a grandeza, pare de pedir permissão."
Cynthia Kersey,Acredite em si próprio e chegará um dia em que os outros não terão outra escolha senão acreditar com você.
Cynthia Kersey,Acredite em si próprio e chegará um dia em que os outros não terão outra escolha senão acreditar com você.
Roberto Shinyashiki,Tudo o que um sonho precisa para ser realizado é alguém que acredite que ele possa ser realizado.
Cynthia Kersey,Acredite em si próprio e chegará um dia em que os outros não terão outra escolha senão acreditar com você.
Desconhecido,"Se você quer alcançar a grandeza, pare de pedir permissão."
Winston Churchill,O sucesso é ir de fracasso em fracasso sem perder entusiasmo.
Friedrich Nietzsche,Só se pode alcançar um grande êxito quando nos mantemos fiéis a nós mesmos.
Charles Chaplin,A persistência é o caminho do êxito.
Friedrich Nietzsche,Só se pode alcançar um grande êxito quando nos mantemos fiéis a nós mesmos.
Winston Churchill,O sucesso é ir de fracasso em fracasso sem perder entusiasmo.
Cynthia Kersey,Acredite em si próprio e chegará um dia em que os outros não terão outra escolha senão acreditar com você.
Desconhecido,A coragem não é ausência do medo; é a persistência apesar do medo.
Roberto Shinyashiki,Tudo o que um sonho precisa para ser realizado é alguém que acredite que ele possa ser realizado.
José de Alencar,"O sucesso nasce do querer, da determinação e persistência em se chegar a um objetivo."
Charles Swindoll,A vida é 10% o que acontece comigo e 90% como eu reajo a isso.
Orison Swett Marden,Não espere por oportunidades extraordinárias. Agarre ocasiões comuns e as torne grandes.
Cynthia Kersey,Acredite em si próprio e chegará um dia em que os outros não terão outra escolha senão acreditar com você.
Charles Swindoll,A vida é 10% o que acontece comigo e 90% como eu reajo a isso.
Desconhecido,A coragem não é ausência do medo; é a persistência apesar do medo.
Charles Swindoll,A vida é 10% o que acontece comigo e 90% como eu reajo a isso.
Charles Swindoll,A vida é 10% o que acontece comigo e 90% como eu reajo a isso.
Desconhecido,A coragem não é ausência do medo; é a persistência apesar do medo.
Friedrich Nietzsche,Só se pode alcançar um grande êxito quando nos mantemos fiéis a nós mesmos.
Winston Churchill,O sucesso é ir de fracasso em fracasso sem perder entusiasmo.
Desconhecido,"Se você quer alcançar a grandeza, pare de pedir permissão."
Orison Swett Marden,Não espere por oportunidades extraordinárias. Agarre ocasiões comuns e as torne grandes.
Cynthia Kersey,Acredite em si próprio e chegará um dia em que os outros não terão outra escolha senão acreditar com você.
Charles Chaplin,A persistência é o caminho do êxito.
Charles Swindoll,A vida é 10% o que acontece comigo e 90% como eu reajo a isso.
Orison Swett Marden,Não espere por oportunidades extraordinárias. Agarre ocasiões comuns e as torne grandes.
Desconhecido,A coragem não é ausência do medo; é a persistência apesar do medo.
Roberto Shinyashiki,Tudo o que um sonho precisa para ser realizado é alguém que acredite que ele possa ser realizado.
Desconhecido,"Se você quer alcançar a grandeza, pare de pedir permissão."
Desconhecido,"Se você quer alcançar a grandeza, pare de pedir permissão."
Friedrich Nietzsche,Só se pode alcançar um grande êxito quando nos mantemos fiéis a nós mesmos.
José de Alencar,"O sucesso nasce do querer, da determinação e persistência em se chegar a um objetivo."
Desconhecido,A coragem não é ausência do medo; é a persistência apesar do medo.
Charles Swindoll,A vida é 10% o que acontece comigo e 90% como eu reajo a isso.
Winston Churchill,O sucesso é ir de fracasso em fracasso sem perder entusiasmo.
Desconhecido,"Se você quer alcançar a grandeza, pare de pedir permissão."
Charles Swindoll,A vida é 10% o que acontece comigo e 90% como eu reajo a isso.
Cynthia Kersey,Acredite em si próprio e chegará um dia em que os outros não terão outra escolha senão acreditar com você.
José de Alencar,"O sucesso nasce do querer, da determinação e persistência em se chegar a um objetivo."
Desconhecido,"Se você quer alcançar a grandeza, pare de pedir permissão."
Winston Churchill,O sucesso é ir de fracasso em fracasso sem perder entusiasmo.
José de Alencar,"O sucesso nasce do querer, da determinação e persistência em se chegar a um objetivo."
Winston Churchill,O sucesso é ir de fracasso em fracasso sem perder entusiasmo.
Winston Churchill,O sucesso é ir de fracasso em fracasso sem perder entusiasmo.
Desconhecido,A coragem não é ausência do medo; é a persistência apesar do medo.
Charles Swindoll,A vida é 10% o que acontece comigo e 90% como eu reajo a isso.
Winston Churchill,O sucesso é ir de fracasso em fracasso sem perder entusiasmo.
Charles Chaplin,A persistência é o caminho do êxito.
Orison Swett Marden,Não espere por oportunidades extraordinárias. Agarre ocasiões comuns e as torne grandes.
Roberto Shinyashiki,Tudo o que um sonho precisa para ser realizado é alguém que acredite que ele possa ser realizado.
Roberto Shinyashiki,Tudo o que um sonho precisa para ser realizado é alguém que acredite que ele possa ser realizado.
Roberto Shinyashiki,Tudo o que um sonho precisa para ser realizado é alguém que acredite que ele possa ser realizado.
Friedrich Nietzsche,Só se pode alcançar um grande êxito quando nos mantemos fiéis a nós mesmos.
Desconhecido,"Se você quer alcançar a grandeza, pare de pedir permissão."
Desconhecido,A coragem não é ausência do medo; é a persistência apesar do medo.
Charles Swindoll,A vida é 10% o que acontece comigo e 90% como eu reajo a isso.
Desconhecido,"Se você quer alcançar a grandeza, pare de pedir permissão."
Desconhecido,A coragem não é ausência do medo; é a persistência apesar do medo.
Charles Chaplin,A persistência é o caminho do êxito.
Desconhecido,"Se você quer alcançar a grandeza, pare de pedir permissão."
Roberto Shinyashiki,Tudo o que um sonho precisa para ser realizado é alguém que acredite que ele possa ser realizado.
Winston Churchill,O sucesso é ir de fracasso em fracasso sem perder entusiasmo.
Cynthia Kersey,Acredite em si próprio e chegará um dia em que os outros não terão outra escolha senão acreditar com você.
Desconhecido,"Se você quer alcançar a grandeza, pare de pedir permissão."
Desconhecido,"Se você quer alcançar a grandeza, pare de pedir permissão."
Roberto Shinyashiki,Tudo o que um sonho precisa para ser realizado é alguém que acredite que ele possa ser realizado.
Cynthia Kersey,Acredite em si próprio e chegará um dia em que os outros não terão outra escolha senão acreditar com você.
Winston Churchill,O sucesso é ir de fracasso em fracasso sem perder entusiasmo.
Winston Churchill,O sucesso é ir de fracasso em fracasso sem perder entusiasmo.
Desconhecido,A coragem não é ausência do medo; é a persistência apesar do medo.
Orison Swett Marden,Não espere por oportunidades extraordinárias. Agarre ocasiões comuns e as torne grandes.
Cynthia Kersey,Acredite em si próprio e chegará um dia em que os outros não terão outra escolha senão acreditar com você.
Charles Swindoll,A vida é 10% o que acontece comigo e 90% como eu reajo a isso.
Friedrich Nietzsche,Só se pode alcançar um grande êxito quando nos mantemos fiéis a nós mesmos.
José de Alencar,"O sucesso nasce do querer, da determinação e persistência em se chegar a um objetivo."
Charles Chaplin,A persistência é o caminho do êxito.
Charles Chaplin,A persistência é o caminho do êxito.
Desconhecido,A coragem não é ausência do medo; é a persistência apesar do medo.
Charles Swindoll,A vida é 10% o que acontece comigo e 90% como eu reajo a isso.
Desconhecido,A coragem não é ausência do medo; é a persistência apesar do medo.
Roberto Shinyashiki,Tudo o que um sonho precisa para ser realizado é alguém que acredite que ele possa ser realizado.
Orison Swett Marden,Não espere por oportunidades extraordinárias. Agarre ocasiões comuns e as torne grandes.
Desconhecido,"Se você quer alcançar a grandeza, pare de pedir permissão."
Desconhecido,A coragem não é ausência do medo; é a persistência apesar do medo.
Roberto Shinyashiki,Tudo o que um sonho precisa para ser realizado é alguém que acredite que ele possa ser realizado.
Charles Chaplin,A persistência é o caminho do êxito.
Winston Churchill,O sucesso é ir de fracasso em fracasso sem perder entusiasmo.
Desconhecido,"Se você quer alcançar a grandeza, pare de pedir permissão."
Charles Chaplin,A persistência é o caminho do êxito.
Charles Chaplin,A persistência é o caminho do êxito.
Cynthia Kersey,Acredite em si próprio e chegará um dia em que os outros não terão outra escolha senão acreditar com você.
Cynthia Kersey,Acredite em si próprio e chegará um dia em que os outros não terão outra escolha senão acreditar com você.
Charles Chaplin,A persistência é o caminho do êxito.
Charles Chaplin,A persistência é o caminho do êxito.
Charles Swindoll,A vida é 10% o que acontece comigo e 90% como eu reajo a isso.
Friedrich Nietzsche,Só se pode alcançar um grande êxito quando nos mantemos fiéis a nós mesmos.
Desconhecido,A coragem não é ausência do medo; é a persistência apesar do medo.
Friedrich Nietzsche,Só se pode alcançar um grande êxito quando nos mantemos fiéis a nós mesmos.
Charles Chaplin,A persistência é o caminho do êxito.
Desconhecido,"Se você quer alcançar a grandeza, pare de pedir permissão."
Desconhecido,"Se você quer alcançar a grandeza, pare de pedir permissão."
Charles Swindoll,A vida é 10% o que acontece comigo e 90% como eu reajo a isso.
Charles Swindoll,A vida é 10% o que acontece comigo e 90% como eu reajo a isso.
Charles Chaplin,A persistência é o caminho do êxito.
Desconhecido,"Se você quer alcançar a grandeza, pare de pedir permissão."
Desconhecido,"Se você quer alcançar a grandeza, pare de pedir permissão."
Roberto Shinyashiki,Tudo o que um sonho precisa para ser realizado é alguém que acredite que ele possa ser realizado.
Friedrich Nietzsche,Só se pode alcançar um grande êxito quando nos mantemos fiéis a nós mesmos.
Charles Chaplin,A persistência é o caminho do êxito.
Charles Swindoll,A vida é 10% o que acontece comigo e 90% como eu reajo a isso.
Charles Chaplin,A persistência é o caminho do êxito.
Roberto Shinyashiki,Tudo o que um sonho precisa para ser realizado é alguém que acredite que ele possa ser realizado.
José de Alencar,"O sucesso nasce do querer, da determinação e persistência em se chegar a um objetivo."
Winston Churchill,O sucesso é ir de fracasso em fracasso sem perder entusiasmo.
Charles Swindoll,A vida é 10% o que acontece comigo e 90% como eu reajo a isso.
Charles Swindoll,A vida é 10% o que acontece comigo e 90% como eu reajo a isso.
Orison Swett Marden,Não espere por oportunidades extraordinárias. Agarre ocasiões comuns e as torne grandes.
Roberto Shinyashiki,Tudo o que um sonho precisa para ser realizado é alguém que acredite que ele possa ser realizado.
Desconhecido,"Se você quer alcançar a grandeza, pare de pedir permissão."
Winston Churchill,O sucesso é ir de fracasso em fracasso sem perder entusiasmo.
José de Alencar,"O sucesso nasce do querer, da determinação e persistência em se chegar a um objetivo."
Cynthia Kersey,Acredite em si próprio e chegará um dia em que os outros não terão outra escolha senão acreditar com você.
Charles Swindoll,A vida é 10% o que acontece comigo e 90% como eu reajo a isso.
Roberto Shinyashiki,Tudo o que um sonho precisa para ser realizado é alguém que acredite que ele possa ser realizado.
Charles Swindoll,A vida é 10% o que acontece comigo e 90% como eu reajo a isso.
Charles Swindoll,A vida é 10% o que acontece comigo e 90% como eu reajo a isso.
Charles Swindoll,A vida é 10% o que acontece comigo e 90% como eu reajo a isso.
Cynthia Kersey,Acredite em si próprio e chegará um dia em que os outros não terão outra escolha senão acreditar com você.
Friedrich Nietzsche,Só se pode alcançar um grande êxito quando nos mantemos fiéis a nós mesmos.
Cynthia Kersey,Acredite em si próprio e chegará um dia em que os outros não terão outra escolha senão acreditar com você.
Desconhecido,"Se você quer alcançar a grandeza, pare de pedir permissão."
Charles Swindoll,A vida é 10% o que acontece comigo e 90% como eu reajo a isso.
Roberto Shinyashiki,Tudo o que um sonho precisa para ser realizado é alguém que acredite que ele possa ser realizado.
Desconhecido,A coragem não é ausência do medo; é a persistência apesar do medo.
Desconhecido,"Se você quer alcançar a grandeza, pare de pedir permissão."
Winston Churchill,O sucesso é ir de fracasso em fracasso sem perder entusiasmo.
Roberto Shinyashiki,Tudo o que um sonho precisa para ser realizado é alguém que acredite que ele possa ser realizado.
Desconhecido,A coragem não é ausência do medo; é a persistência apesar do medo.
Winston Churchill,O sucesso é ir de fracasso em fracasso sem perder entusiasmo.
Desconhecido,"Se você quer alcançar a grandeza, pare de pedir permissão."
Roberto Shinyashiki,Tudo o que um sonho precisa para ser realizado é alguém que acredite que ele possa ser realizado.
Desconhecido,"Se você quer alcançar a grandeza, pare de pedir permissão."
Charles Swindoll,A vida é 10% o que acontece comigo e 90% como eu reajo a isso.
Desconhecido,A coragem não é ausência do medo; é a persistência apesar do medo.
Charles Chaplin,A persistência é o caminho do êxito.
Charles Chaplin,A persistência é o caminho do êxito.
Friedrich Nietzsche,Só se pode alcançar um grande êxito quando nos mantemos fiéis a nós mesmos.
Desconhecido,A coragem não é ausência do medo; é a persistência apesar do medo.
Desconhecido,"Se você quer alcançar a grandeza, pare de pedir permissão."
Friedrich Nietzsche,Só se pode alcançar um grande êxito quando nos mantemos fiéis a nós mesmos.
Friedrich Nietzsche,Só se pode alcançar um grande êxito quando nos mantemos fiéis a nós mesmos.
Winston Churchill,O sucesso é ir de fracasso em fracasso sem perder entusiasmo.
José de Alencar,"O sucesso nasce do querer, da determinação e persistência em se chegar a um objetivo."
Orison Swett Marden,Não espere por oportunidades extraordinárias. Agarre ocasiões comuns e as torne grandes.
Roberto Shinyashiki,Tudo o que um sonho precisa para ser realizado é alguém que acredite que ele possa ser realizado.
Charles Swindoll,A vida é 10% o que acontece comigo e 90% como eu reajo a isso.
Charles Chaplin,A persistência é o caminho do êxito.
Roberto Shinyashiki,Tudo o que um sonho precisa para ser realizado é alguém que acredite que ele possa ser realizado.
Friedrich Nietzsche,Só se pode alcançar um grande êxito quando nos mantemos fiéis a nós mesmos.
José de Alencar,"O sucesso nasce do querer, da determinação e persistência em se chegar a um objetivo."
Cynthia Kersey,Acredite em si próprio e chegará um dia em que os outros não terão outra escolha senão acreditar com você.
Roberto Shinyashiki,Tudo o que um sonho precisa para ser realizado é alguém que acredite que ele possa ser realizado.
Winston Churchill,O sucesso é ir de fracasso em fracasso sem perder entusiasmo.
Winston Churchill,O sucesso é ir de fracasso em fracasso sem perder entusiasmo.
Roberto Shinyashiki,Tudo o que um sonho precisa para ser realizado é alguém que acredite que ele possa ser realizado.
José de Alencar,"O sucesso nasce do querer, da determinação e persistência em se chegar a um objetivo."
Desconhecido,"Se você quer alcançar a grandeza, pare de pedir permissão."
Orison Swett Marden,Não espere por oportunidades extraordinárias. Agarre ocasiões comuns e as torne grandes.
Desconhecido,"Se você quer alcançar a grandeza, pare de pedir permissão."
Desconhecido,"Se você quer alcançar a grandeza, pare de pedir permissão."
Charles Swindoll,A vida é 10% o que acontece comigo e 90% como eu reajo a isso.
Orison Swett Marden,Não espere por oportunidades extraordinárias. Agarre ocasiões comuns e as torne grandes.
Desconhecido,A coragem não é ausência do medo; é a persistência apesar do medo.
Roberto Shinyashiki,Tudo o que um sonho precisa para ser realizado é alguém que acredite que ele possa ser realizado.
Desconhecido,"Se você quer alcançar a grandeza, pare de pedir permissão."
Cynthia Kersey,Acredite em si próprio e chegará um dia em que os outros não terão outra escolha senão acreditar com você.
Charles Swindoll,A vida é 10% o que acontece comigo e 90% como eu reajo a isso.
Friedrich Nietzsche,Só se pode alcançar um grande êxito quando nos mantemos fiéis a nós mesmos.
Charles Swindoll,A vida é 10% o que acontece comigo e 90% como eu reajo a isso.
José de Alencar,"O sucesso nasce do querer, da determinação e persistência em se chegar a um objetivo."
Charles Chaplin,A persistência é o caminho do êxito.
Desconhecido,"Se você quer alcançar a grandeza, pare de pedir permissão."
Friedrich Nietzsche,Só se pode alcançar um grande êxito quando nos mantemos fiéis a nós mesmos.
José de Alencar,"O sucesso nasce do querer, da determinação e persistência em se chegar a um objetivo."
Cynthia Kersey,Acredite em si próprio e chegará um dia em que os outros não terão outra escolha senão acreditar com você.
Charles Swindoll,A vida é 10% o que acontece comigo e 90% como eu reajo a isso.
Cynthia Kersey,Acredite em si próprio e chegará um dia em que os outros não terão outra escolha senão acreditar com você.
Desconhecido,A coragem não é ausência do medo; é a persistência apesar do medo.
Cynthia Kersey,Acredite em si próprio e chegará um dia em que os outros não terão outra escolha senão acreditar com você.
Cynthia Kersey,Acredite em si próprio e chegará um dia em que os outros não terão outra escolha senão acreditar com você.
Roberto Shinyashiki,Tudo o que um sonho precisa para ser realizado é alguém que acredite que ele possa ser realizado.
Cynthia Kersey,Acredite em si próprio e chegará um dia em que os outros não terão outra escolha senão acreditar com você.
Desconhecido,A coragem não é ausência do medo; é a persistência apesar do medo.
Winston Churchill,O sucesso é ir de fracasso em fracasso sem perder entusiasmo.
Orison Swett Marden,Não espere por oportunidades extraordinárias. Agarre ocasiões comuns e as torne grandes.
Cynthia Kersey,Acredite em si próprio e chegará um dia em que os outros não terão outra escolha senão acreditar com você.
Friedrich Nietzsche,Só se pode alcançar um grande êxito quando nos mantemos fiéis a nós mesmos.
Roberto Shinyashiki,Tudo o que um sonho precisa para ser realizado é alguém que acredite que ele possa ser realizado.
Winston Churchill,O sucesso é ir de fracasso em fracasso sem perder entusiasmo.
Friedrich Nietzsche,Só se pode alcançar um grande êxito quando nos mantemos fiéis a nós mesmos.
Desconhecido,"Se você quer alcançar a grandeza, pare de pedir permissão."
Charles Swindoll,A vida é 10% o que acontece comigo e 90% como eu reajo a isso.
José de Alencar,"O sucesso nasce do querer, da determinação e persistência em se chegar a um objetivo."
Friedrich Nietzsche,Só se pode alcançar um grande êxito quando nos mantemos fiéis a nós mesmos.
Orison Swett Marden,Não espere por oportunidades extraordinárias. Agarre ocasiões comuns e as torne grandes.
Charles Chaplin,A persistência é o caminho do êxito.
Desconhecido,A coragem não é ausência do medo; é a persistência apesar do medo.
Orison Swett Marden,Não espere por oportunidades extraordinárias. Agarre ocasiões comuns e as torne grandes.
Roberto Shinyashiki,Tudo o que um sonho precisa para ser realizado é alguém que acredite que ele possa ser realizado.
Orison Swett Marden,Não espere por oportunidades extraordinárias. Agarre ocasiões comuns e as torne grandes.
Orison Swett Marden,Não espere por oportunidades extraordinárias. Agarre ocasiões comuns e as torne grandes.
Charles Chaplin,A persistência é o caminho do êxito.
Desconhecido,A coragem não é ausência do medo; é a persistência apesar do medo.
Cynthia Kersey,Acredite em si próprio e chegará um dia em que os outros não terão outra escolha senão acreditar com você.
Desconhecido,"Se você quer alcançar a grandeza, pare de pedir permissão."
José de Alencar,"O sucesso nasce do querer, da determinação e persistência em se chegar a um objetivo."
Cynthia Kersey,Acredite em si próprio e chegará um dia em que os outros não terão outra escolha senão acreditar com você.
Friedrich Nietzsche,Só se pode alcançar um grande êxito quando nos mantemos fiéis a nós mesmos.
Cynthia Kersey,Acredite em si próprio e chegará um dia em que os outros não terão outra escolha senão acreditar com você.
Charles Chaplin,A persistência é o caminho do êxito.
Charles Swindoll,A vida é 10% o que acontece comigo e 90% como eu reajo a isso.
José de Alencar,"O sucesso nasce do querer, da determinação e persistência em se chegar a um objetivo."
Winston Churchill,O sucesso é ir de fracasso em fracasso sem perder entusiasmo.
Charles Swindoll,A vida é 10% o que acontece comigo e 90% como eu reajo a isso.
Orison Swett Marden,Não espere por oportunidades extraordinárias. Agarre ocasiões comuns e as torne grandes.
Desconhecido,A coragem não é ausência do medo; é a persistência apesar do medo.
Charles Swindoll,A vida é 10% o que acontece comigo e 90% como eu reajo a isso.
Charles Swindoll,A vida é 10% o que acontece comigo e 90% como eu reajo a isso.
Winston Churchill,O sucesso é ir de fracasso em fracasso sem perder entusiasmo.
Desconhecido,A coragem não é ausência do medo; é a persistência apesar do medo.
Charles Swindoll,A vida é 10% o que acontece comigo e 90% como eu reajo a isso.
Winston Churchill,O sucesso é ir de fracasso em fracasso sem perder entusiasmo.
Charles Swindoll,A vida é 10% o que acontece comigo e 90% como eu reajo a isso.
Roberto Shinyashiki,Tudo o que um sonho precisa para ser realizado é alguém que acredite que ele possa ser realizado.
Cynthia Kersey,Acredite em si próprio e chegará um dia em que os outros não terão outra escolha senão acreditar com você.
Desconhecido,A coragem não é ausência do medo; é a persistência apesar do medo.
Roberto Shinyashiki,Tudo o que um sonho precisa para ser realizado é alguém que acredite que ele possa ser realizado.
Charles Swindoll,A vida é 10% o que acontece comigo e 90% como eu reajo a isso.
José de Alencar,"O sucesso nasce do querer, da determinação e persistência em se chegar a um objetivo."
Orison Swett Marden,Não espere por oportunidades extraordinárias. Agarre ocasiões comuns e as torne grandes.
Friedrich Nietzsche,Só se pode alcançar um grande êxito quando nos mantemos fiéis a nós mesmos.
Charles Swindoll,A vida é 10% o que acontece comigo e 90% como eu reajo a isso.
Charles Swindoll,A vida é 10% o que acontece comigo e 90% como eu reajo a isso.
Charles Chaplin,A persistência é o caminho do êxito.
José de Alencar,"O sucesso nasce do querer, da determinação e persistência em se chegar a um objetivo."
Desconhecido,"Se você quer alcançar a grandeza, pare de pedir permissão."
Cynthia Kersey,Acredite em si próprio e chegará um dia em que os outros não terão outra escolha senão acreditar com você.
Friedrich Nietzsche,Só se pode alcançar um grande êxito quando nos mantemos fiéis a nós mesmos.
Desconhecido,A coragem não é ausência do medo; é a persistência apesar do medo.
Cynthia Kersey,Acredite em si próprio e chegará um dia em que os outros não terão outra escolha senão acreditar com você.
Charles Swindoll,A vida é 10% o que acontece comigo e 90% como eu reajo a isso.
Charles Swindoll,A vida é 10% o que acontece comigo e 90% como eu reajo a isso.
Charles Chaplin,A persistência é o caminho do êxito.
Desconhecido,"Se você quer alcançar a grandeza, pare de pedir permissão."
José de Alencar,"O sucesso nasce do querer, da determinação e persistência em se chegar a um objetivo."
Cynthia Kersey,Acredite em si próprio e chegará um dia em que os outros não terão outra escolha senão acreditar com você.
Charles Swindoll,A vida é 10% o que acontece comigo e 90% como eu reajo a isso.
José de Alencar,"O sucesso nasce do querer, da determinação e persistência em se chegar a um objetivo."
Charles Swindoll,A vida é 10% o que acontece comigo e 90% como eu reajo a isso.
Desconhecido,"Se você quer alcançar a grandeza, pare de pedir permissão."
Winston Churchill,O sucesso é ir de fracasso em fracasso sem perder entusiasmo.
Cynthia Kersey,Acredite em si próprio e chegará um dia em que os outros não terão outra escolha senão acreditar com você.
Desconhecido,"Se você quer alcançar a grandeza, pare de pedir permissão."
Friedrich Nietzsche,Só se pode alcançar um grande êxito quando nos mantemos fiéis a nós mesmos.
Charles Swindoll,A vida é 10% o que acontece comigo e 90% como eu reajo a isso.
Desconhecido,A coragem não é ausência do medo; é a persistência apesar do medo.
Friedrich Nietzsche,Só se pode alcançar um grande êxito quando nos mantemos fiéis a nós mesmos.
Charles Swindoll,A vida é 10% o que acontece comigo e 90% como eu reajo a isso.
Desconhecido,"Se você quer alcançar a grandeza, pare de pedir permissão."
Desconhecido,A coragem não é ausência do medo; é a persistência apesar do medo.
Charles Swindoll,A vida é 10% o que acontece comigo e 90% como eu reajo a isso.
Orison Swett Marden,Não espere por oportunidades extraordinárias. Agarre ocasiões comuns e as torne grandes.
Charles Swindoll,A vida é 10% o que acontece comigo e 90% como eu reajo a isso.
Charles Chaplin,A persistência é o caminho do êxito.
Desconhecido,A coragem não é ausência do medo; é a persistência apesar do medo.
Desconhecido,A coragem não é ausência do medo; é a persistência apesar do medo.
José de Alencar,"O sucesso nasce do querer, da determinação e persistência em se chegar a um objetivo."
Charles Chaplin,A persistência é o caminho do êxito.
Charles Chaplin,A persistência é o caminho do êxito.
José de Alencar,"O sucesso nasce do querer, da determinação e persistência em se chegar a um objetivo."
Cynthia Kersey,Acredite em si próprio e chegará um dia em que os outros não terão outra escolha senão acreditar com você.
Charles Chaplin,A persistência é o caminho do êxito.
Orison Swett Marden,Não espere por oportunidades extraordinárias. Agarre ocasiões comuns e as torne grandes.
Roberto Shinyashiki,Tudo o que um sonho precisa para ser realizado é alguém que acredite que ele possa ser realizado.
Charles Swindoll,A vida é 10% o que acontece comigo e 90% como eu reajo a isso.
Desconhecido,A coragem não é ausência do medo; é a persistência apesar do medo.
Desconhecido,A coragem não é ausência do medo; é a persistência apesar do medo.
Charles Swindoll,A vida é 10% o que acontece comigo e 90% como eu reajo a isso.
José de Alencar,"O sucesso nasce do querer, da determinação e persistência em se chegar a um objetivo."
Friedrich Nietzsche,Só se pode alcançar um grande êxito quando nos mantemos fiéis a nós mesmos.
Charles Chaplin,A persistência é o caminho do êxito.
José de Alencar,"O sucesso nasce do querer, da determinação e persistência em se chegar a um objetivo."
Charles Chaplin,A persistência é o caminho do êxito.
José de Alencar,"O sucesso nasce do querer, da determinação e persistência em se chegar a um objetivo."
Friedrich Nietzsche,Só se pode alcançar um grande êxito quando nos mantemos fiéis a nós mesmos.
Winston Churchill,O sucesso é ir de fracasso em fracasso sem perder entusiasmo.
José de Alencar,"O sucesso nasce do querer, da determinação e persistência em se chegar a um objetivo."
Orison Swett Marden,Não espere por oportunidades extraordinárias. Agarre ocasiões comuns e as torne grandes.
Orison Swett Marden,Não espere por oportunidades extraordinárias. Agarre ocasiões comuns e as torne grandes.
Orison Swett Marden,Não espere por oportunidades extraordinárias. Agarre ocasiões comuns e as torne grandes.
José de Alencar,"O sucesso nasce do querer, da determinação e persistência em se chegar a um objetivo."
Roberto Shinyashiki,Tudo o que um sonho precisa para ser realizado é alguém que acredite que ele possa ser realizado.
Orison Swett Marden,Não espere por oportunidades extraordinárias. Agarre ocasiões comuns e as torne grandes.
Friedrich Nietzsche,Só se pode alcançar um grande êxito quando nos mantemos fiéis a nós mesmos.
Roberto Shinyashiki,Tudo o que um sonho precisa para ser realizado é alguém que acredite que ele possa ser realizado.
Orison Swett Marden,Não espere por oportunidades extraordinárias. Agarre ocasiões comuns e as torne grandes.
Charles Swindoll,A vida é 10% o que acontece comigo e 90% como eu reajo a isso.
Charles Chaplin,A persistência é o caminho do êxito.
Desconhecido,"Se você quer alcançar a grandeza, pare de pedir permissão."
Winston Churchill,O sucesso é ir de fracasso em fracasso sem perder entusiasmo.
Cynthia Kersey,Acredite em si próprio e chegará um dia em que os outros não terão outra escolha senão acreditar com você.
Orison Swett Marden,Não espere por oportunidades extraordinárias. Agarre ocasiões comuns e as torne grandes.
Cynthia Kersey,Acredite em si próprio e chegará um dia em que os outros não terão outra escolha senão acreditar com você.
Desconhecido,"Se você quer alcançar a grandeza, pare de pedir permissão."
Friedrich Nietzsche,Só se pode alcançar um grande êxito quando nos mantemos fiéis a nós mesmos.
Desconhecido,A coragem não é ausência do medo; é a persistência apesar do medo.
Desconhecido,"Se você quer alcançar a grandeza, pare de pedir permissão."
Friedrich Nietzsche,Só se pode alcançar um grande êxito quando nos mantemos fiéis a nós mesmos.
José de Alencar,"O sucesso nasce do querer, da determinação e persistência em se chegar a um objetivo."
Winston Churchill,O sucesso é ir de fracasso em fracasso sem perder entusiasmo.
Cynthia Kersey,Acredite em si próprio e chegará um dia em que os outros não terão outra escolha senão acreditar com você.
Cynthia Kersey,Acredite em si próprio e chegará um dia em que os outros não terão outra escolha senão acreditar com você.
Charles Swindoll,A vida é 10% o que acontece comigo e 90% como eu reajo a isso.
Winston Churchill,O sucesso é ir de fracasso em fracasso sem perder entusiasmo.
Winston Churchill,O sucesso é ir de fracasso em fracasso sem perder entusiasmo.
José de Alencar,"O sucesso nasce do querer, da determinação e persistência em se chegar a um objetivo."
Winston Churchill,O sucesso é ir de fracasso em fracasso sem perder entusiasmo.
Charles Chaplin,A persistência é o caminho do êxito.
Roberto Shinyashiki,Tudo o que um sonho precisa para ser realizado é alguém que acredite que ele possa ser realizado.
Winston Churchill,O sucesso é ir de fracasso em fracasso sem perder entusiasmo.
Charles Chaplin,A persistência é o caminho do êxito.
Orison Swett Marden,Não espere por oportunidades extraordinárias. Agarre ocasiões comuns e as torne grandes.
Desconhecido,"Se você quer alcançar a grandeza, pare de pedir permissão."
Desconhecido,A coragem não é ausência do medo; é a persistência apesar do medo.
Charles Chaplin,A persistência é o caminho do êxito.
Desconhecido,"Se você quer alcançar a grandeza, pare de pedir permissão."
Desconhecido,"Se você quer alcançar a grandeza, pare de pedir permissão."
Charles Swindoll,A vida é 10% o que acontece comigo e 90% como eu reajo a isso.
Charles Chaplin,A persistência é o caminho do êxito.
Desconhecido,A coragem não é ausência do medo; é a persistência apesar do medo.
José de Alencar,"O sucesso nasce do querer, da determinação e persistência em se chegar a um objetivo."
Roberto Shinyashiki,Tudo o que um sonho precisa para ser realizado é alguém que acredite que ele possa ser realizado.
Charles Chaplin,A persistência é o caminho do êxito.
Roberto Shinyashiki,Tudo o que um sonho precisa para ser realizado é alguém que acredite que ele possa ser realizado.
Friedrich Nietzsche,Só se pode alcançar um grande êxito quando nos mantemos fiéis a nós mesmos.
Roberto Shinyashiki,Tudo o que um sonho precisa para ser realizado é alguém que acredite que ele possa ser realizado.
Charles Chaplin,A persistência é o caminho do êxito.
Charles Chaplin,A persistência é o caminho do êxito.
Charles Chaplin,A persistência é o caminho do êxito.
Desconhecido,"Se você quer alcançar a grandeza, pare de pedir permissão."
José de Alencar,"O sucesso nasce do querer, da determinação e persistência em se chegar a um objetivo."
Desconhecido,A coragem não é ausência do medo; é a persistência apesar do medo.
Orison Swett Marden,Não espere por oportunidades extraordinárias. Agarre ocasiões comuns e as torne grandes.
Orison Swett Marden,Não espere por oportunidades extraordinárias. Agarre ocasiões comuns e as torne grandes.
Cynthia Kersey,Acredite em si próprio e chegará um dia em que os outros não terão outra escolha senão acreditar com você.
Winston Churchill,O sucesso é ir de fracasso em fracasso sem perder entusiasmo.
Winston Churchill,O sucesso é ir de fracasso em fracasso sem perder entusiasmo.
Friedrich Nietzsche,Só se pode alcançar um grande êxito quando nos mantemos fiéis a nós mesmos.
Desconhecido,A coragem não é ausência do medo; é a persistência apesar do medo.
Charles Chaplin,A persistência é o caminho do êxito.
Cynthia Kersey,Acredite em si próprio e chegará um dia em que os outros não terão outra escolha senão acreditar com você.
Roberto Shinyashiki,Tudo o que um sonho precisa para ser realizado é alguém que acredite que ele possa ser realizado.
Desconhecido,"Se você quer alcançar a grandeza, pare de pedir permissão."
Roberto Shinyashiki,Tudo o que um sonho precisa para ser realizado é alguém que acredite que ele possa ser realizado.
Charles Chaplin,A persistência é o caminho do êxito.
Cynthia Kersey,Acredite em si próprio e chegará um dia em que os outros não terão outra escolha senão acreditar com você.
Roberto Shinyashiki,Tudo o que um sonho precisa para ser realizado é alguém que acredite que ele possa ser realizado.
Cynthia Kersey,Acredite em si próprio e chegará um dia em que os outros não terão outra escolha senão acreditar com você.
Roberto Shinyashiki,Tudo o que um sonho precisa para ser realizado é alguém que acredite que ele possa ser realizado.
Charles Chaplin,A persistência é o caminho do êxito.
Cynthia Kersey,Acredite em si próprio e chegará um dia em que os outros não terão outra escolha senão acreditar com você.
Charles Chaplin,A persistência é o caminho do êxito.
José de Alencar,"O sucesso nasce do querer, da determinação e persistência em se chegar a um objetivo."
José de Alencar,"O sucesso nasce do querer, da determinação e persistência em se chegar a um objetivo."
Charles Swindoll,A vida é 10% o que acontece comigo e 90% como eu reajo a isso.
Desconhecido,A coragem não é ausência do medo; é a persistência apesar do medo.
Friedrich Nietzsche,Só se pode alcançar um grande êxito quando nos mantemos fiéis a nós mesmos.
Friedrich Nietzsche,Só se pode alcançar um grande êxito quando nos mantemos fiéis a nós mesmos.
Desconhecido,"Se você quer alcançar a grandeza, pare de pedir permissão."
Cynthia Kersey,Acredite em si próprio e chegará um dia em que os outros não terão outra escolha senão acreditar com você.
Charles Chaplin,A persistência é o caminho do êxito.
Orison Swett Marden,Não espere por oportunidades extraordinárias. Agarre ocasiões comuns e as torne grandes.
Orison Swett Marden,Não espere por oportunidades extraordinárias. Agarre ocasiões comuns e as torne grandes.
José de Alencar,"O sucesso nasce do querer, da determinação e persistência em se chegar a um objetivo."
José de Alencar,"O sucesso nasce do querer, da determinação e persistência em se chegar a um objetivo."
Friedrich Nietzsche,Só se pode alcançar um grande êxito quando nos mantemos fiéis a nós mesmos.
Charles Swindoll,A vida é 10% o que acontece comigo e 90% como eu reajo a isso.
Roberto Shinyashiki,Tudo o que um sonho precisa para ser realizado é alguém que acredite que ele possa ser realizado.
Winston Churchill,O sucesso é ir de fracasso em fracasso sem perder entusiasmo.
Orison Swett Marden,Não espere por oportunidades extraordinárias. Agarre ocasiões comuns e as torne grandes.
Winston Churchill,O sucesso é ir de fracasso em fracasso sem perder entusiasmo.
Winston Churchill,O sucesso é ir de fracasso em fracasso sem perder entusiasmo.
Orison Swett Marden,Não espere por oportunidades extraordinárias. Agarre ocasiões comuns e as torne grandes.
Roberto Shinyashiki,Tudo o que um sonho precisa para ser realizado é alguém que acredite que ele possa ser realizado.
Charles Chaplin,A persistência é o caminho do êxito.
Desconhecido,A coragem não é ausência do medo; é a persistência apesar do medo.
Roberto Shinyashiki,Tudo o que um sonho precisa para ser realizado é alguém que acredite que ele possa ser realizado.
José de Alencar,"O sucesso nasce do querer, da determinação e persistência em se chegar a um objetivo."
Orison Swett Marden,Não espere por oportunidades extraordinárias. Agarre ocasiões comuns e as torne grandes.
José de Alencar,"O sucesso nasce do querer, da determinação e persistência em se chegar a um objetivo."
Roberto Shinyashiki,Tudo o que um sonho precisa para ser realizado é alguém que acredite que ele possa ser realizado.
Roberto Shinyashiki,Tudo o que um sonho precisa para ser realizado é alguém que acredite que ele possa ser realizado.
Winston Churchill,O sucesso é ir de fracasso em fracasso sem perder entusiasmo.
Charles Swindoll,A vida é 10% o que acontece comigo e 90% como eu reajo a isso.
Desconhecido,A coragem não é ausência do medo; é a persistência apesar do medo.
Charles Chaplin,A persistência é o caminho do êxito.
Charles Chaplin,A persistência é o caminho do êxito.
Charles Chaplin,A persistência é o caminho do êxito.
Charles Swindoll,A vida é 10% o que acontece comigo e 90% como eu reajo a isso.
Roberto Shinyashiki,Tudo o que um sonho precisa para ser realizado é alguém que acredite que ele possa ser realizado.
Desconhecido,"Se você quer alcançar a grandeza, pare de pedir permissão."
Desconhecido,A coragem não é ausência do medo; é a persistência apesar do medo.
José de Alencar,"O sucesso nasce do querer, da determinação e persistência em se chegar a um objetivo."
Desconhecido,A coragem não é ausência do medo; é a persistência apesar do medo.
José de Alencar,"O sucesso nasce do querer, da determinação e persistência em se chegar a um objetivo."
Charles Swindoll,A vida é 10% o que acontece comigo e 90% como eu reajo a isso.
Desconhecido,A coragem não é ausência do medo; é a persistência apesar do medo.
Charles Chaplin,A persistência é o caminho do êxito.
Orison Swett Marden,Não espere por oportunidades extraordinárias. Agarre ocasiões comuns e as torne grandes.
Desconhecido,A coragem não é ausência do medo; é a persistência apesar do medo.
Desconhecido,"Se você quer alcançar a grandeza, pare de pedir permissão."
Friedrich Nietzsche,Só se pode alcançar um grande êxito quando nos mantemos fiéis a nós mesmos.
Charles Chaplin,A persistência é o caminho do êxito.
José de Alencar,"O sucesso nasce do querer, da determinação e persistência em se chegar a um objetivo."
Charles Swindoll,A vida é 10% o que acontece comigo e 90% como eu reajo a isso.
Cynthia Kersey,Acredite em si próprio e chegará um dia em que os outros não terão outra escolha senão acreditar com você.
Desconhecido,"Se você quer alcançar a grandeza, pare de pedir permissão."
Charles Chaplin,A persistência é o caminho do êxito.
Charles Swindoll,A vida é 10% o que acontece comigo e 90% como eu reajo a isso.
Desconhecido,"Se você quer alcançar a grandeza, pare de pedir permissão."
Desconhecido,"Se você quer alcançar a grandeza, pare de pedir permissão."
Roberto Shinyashiki,Tudo o que um sonho precisa para ser realizado é alguém que acredite que ele possa ser realizado.
Charles Swindoll,A vida é 10% o que acontece comigo e 90% como eu reajo a isso.
Desconhecido,A coragem não é ausência do medo; é a persistência apesar do medo.
Winston Churchill,O sucesso é ir de fracasso em fracasso sem perder entusiasmo.
Desconhecido,A coragem não é ausência do medo; é a persistência apesar do medo.
José de Alencar,"O sucesso nasce do querer, da determinação e persistência em se chegar a um objetivo."
Cynthia Kersey,Acredite em si próprio e chegará um dia em que os outros não terão outra escolha senão acreditar com você.
Cynthia Kersey,Acredite em si próprio e chegará um dia em que os outros não terão outra escolha senão acreditar com você.
Winston Churchill,O sucesso é ir de fracasso em fracasso sem perder entusiasmo.
Desconhecido,"Se você quer alcançar a grandeza, pare de pedir permissão."
Charles Chaplin,A persistência é o caminho do êxito.
Charles Swindoll,A vida é 10% o que acontece comigo e 90% como eu reajo a isso.
José de Alencar,"O sucesso nasce do querer, da determinação e persistência em se chegar a um objetivo."
Winston Churchill,O sucesso é ir de fracasso em fracasso sem perder entusiasmo.
Charles Swindoll,A vida é 10% o que acontece comigo e 90% como eu reajo a isso.
Charles Swindoll,A vida é 10% o que acontece comigo e 90% como eu reajo a isso.
Winston Churchill,O sucesso é ir de fracasso em fracasso sem perder entusiasmo.
Charles Chaplin,A persistência é o caminho do êxito.
Winston Churchill,O sucesso é ir de fracasso em fracasso sem perder entusiasmo.
Roberto Shinyashiki,Tudo o que um sonho precisa para ser realizado é alguém que acredite que ele possa ser realizado.
Desconhecido,"Se você quer alcançar a grandeza, pare de pedir permissão."
Desconhecido,"Se você quer alcançar a grandeza, pare de pedir permissão."
Winston Churchill,O sucesso é ir de fracasso em fracasso sem perder entusiasmo.
José de Alencar,"O sucesso nasce do querer, da determinação e persistência em se chegar a um objetivo."
Roberto Shinyashiki,Tudo o que um sonho precisa para ser realizado é alguém que acredite que ele possa ser realizado.
José de Alencar,"O sucesso nasce do querer, da determinação e persistência em se chegar a um objetivo."
Roberto Shinyashiki,Tudo o que um sonho precisa para ser realizado é alguém que acredite que ele possa ser realizado.
Cynthia Kersey,Acredite em si próprio e chegará um dia em que os outros não terão outra escolha senão acreditar com você.
Winston Churchill,O sucesso é ir de fracasso em fracasso sem perder entusiasmo.
Friedrich Nietzsche,Só se pode alcançar um grande êxito quando nos mantemos fiéis a nós mesmos.
Roberto Shinyashiki,Tudo o que um sonho precisa para ser realizado é alguém que acredite que ele possa ser realizado.
Charles Swindoll,A vida é 10% o que acontece comigo e 90% como eu reajo a isso.
Roberto Shinyashiki,Tudo o que um sonho precisa para ser realizado é alguém que acredite que ele possa ser realizado.
Winston Churchill,O sucesso é ir de fracasso em fracasso sem perder entusiasmo.
Winston Churchill,O sucesso é ir de fracasso em fracasso sem perder entusiasmo.
Orison Swett Marden,Não espere por oportunidades extraordinárias. Agarre ocasiões comuns e as torne grandes.
Charles Chaplin,A persistência é o caminho do êxito.
Desconhecido,A coragem não é ausência do medo; é a persistência apesar do medo.
Roberto Shinyashiki,Tudo o que um sonho precisa para ser realizado é alguém que acredite que ele possa ser realizado.
Winston Churchill,O sucesso é ir de fracasso em fracasso sem perder entusiasmo.
Roberto Shinyashiki,Tudo o que um sonho precisa para ser realizado é alguém que acredite que ele possa ser realizado.
Charles Chaplin,A persistência é o caminho do êxito.
Orison Swett Marden,Não espere por oportunidades extraordinárias. Agarre ocasiões comuns e as torne grandes.
Cynthia Kersey,Acredite em si próprio e chegará um dia em que os outros não terão outra escolha senão acreditar com você.
Desconhecido,A coragem não é ausência do medo; é a persistência apesar do medo.
Roberto Shinyashiki,Tudo o que um sonho precisa para ser realizado é alguém que acredite que ele possa ser realizado.
Winston Churchill,O sucesso é ir de fracasso em fracasso sem perder entusiasmo.
Friedrich Nietzsche,Só se pode alcançar um grande êxito quando nos mantemos fiéis a nós mesmos.
Friedrich Nietzsche,Só se pode alcançar um grande êxito quando nos mantemos fiéis a nós mesmos.
José de Alencar,"O sucesso nasce do querer, da determinação e persistência em se chegar a um objetivo."
Friedrich Nietzsche,Só se pode alcançar um grande êxito quando nos mantemos fiéis a nós mesmos.
Winston Churchill,O sucesso é ir de fracasso em fracasso sem perder entusiasmo.
Friedrich Nietzsche,Só se pode alcançar um grande êxito quando nos mantemos fiéis a nós mesmos.
Roberto Shinyashiki,Tudo o que um sonho precisa para ser realizado é alguém que acredite que ele possa ser realizado.
Winston Churchill,O sucesso é ir de fracasso em fracasso sem perder entusiasmo.
Winston Churchill,O sucesso é ir de fracasso em fracasso sem perder entusiasmo.
Winston Churchill,O sucesso é ir de fracasso em fracasso sem perder entusiasmo.
Charles Chaplin,A persistência é o caminho do êxito.
José de Alencar,"O sucesso nasce do querer, da determinação e persistência em se chegar a um objetivo."
Orison Swett Marden,Não espere por oportunidades extraordinárias. Agarre ocasiões comuns e as torne grandes.
Desconhecido,A coragem não é ausência do medo; é a persistência apesar do medo.
Roberto Shinyashiki,Tudo o que um sonho precisa para ser realizado é alguém que acredite que ele possa ser realizado.
Orison Swett Marden,Não espere por oportunidades extraordinárias. Agarre ocasiões comuns e as torne grandes.
José de Alencar,"O sucesso nasce do querer, da determinação e persistência em se chegar a um objetivo."
Cynthia Kersey,Acredite em si próprio e chegará um dia em que os outros não terão outra escolha senão acreditar com você.
Roberto Shinyashiki,Tudo o que um sonho precisa para ser realizado é alguém que acredite que ele possa ser realizado.
Orison Swett Marden,Não espere por oportunidades extraordinárias. Agarre ocasiões comuns e as torne grandes.
Orison Swett Marden,Não espere por oportunidades extraordinárias. Agarre ocasiões comuns e as torne grandes.
Cynthia Kersey,Acredite em si próprio e chegará um dia em que os outros não terão outra escolha senão acreditar com você.
Winston Churchill,O sucesso é ir de fracasso em fracasso sem perder entusiasmo.
Desconhecido,"Se você quer alcançar a grandeza, pare de pedir permissão."
Charles Swindoll,A vida é 10% o que acontece comigo e 90% como eu reajo a isso.
Orison Swett Marden,Não espere por oportunidades extraordinárias. Agarre ocasiões comuns e as torne grandes.
Desconhecido,"Se você quer alcançar a grandeza, pare de pedir permissão."
Winston Churchill,O sucesso é ir de fracasso em fracasso sem perder entusiasmo.
Winston Churchill,O sucesso é ir de fracasso em fracasso sem perder entusiasmo.
Orison Swett Marden,Não espere por oportunidades extraordinárias. Agarre ocasiões comuns e as torne grandes.
Charles Swindoll,A vida é 10% o que acontece comigo e 90% como eu reajo a isso.
Charles Swindoll,A vida é 10% o que acontece comigo e 90% como eu reajo a isso.
Cynthia Kersey,Acredite em si próprio e chegará um dia em que os outros não terão outra escolha senão acreditar com você.
Winston Churchill,O sucesso é ir de fracasso em fracasso sem perder entusiasmo.
Charles Swindoll,A vida é 10% o que acontece comigo e 90% como eu reajo a isso.
Orison Swett Marden,Não espere por oportunidades extraordinárias. Agarre ocasiões comuns e as torne grandes.
Orison Swett Marden,Não espere por oportunidades extraordinárias. Agarre ocasiões comuns e as torne grandes.
José de Alencar,"O sucesso nasce do querer, da determinação e persistência em se chegar a um objetivo."
Desconhecido,A coragem não é ausência do medo; é a persistência apesar do medo.
Roberto Shinyashiki,Tudo o que um sonho precisa para ser realizado é alguém que acredite que ele possa ser realizado.
Orison Swett Marden,Não espere por oportunidades extraordinárias. Agarre ocasiões comuns e as torne grandes.
Roberto Shinyashiki,Tudo o que um sonho precisa para ser realizado é alguém que acredite que ele possa ser realizado.
Orison Swett Marden,Não espere por oportunidades extraordinárias. Agarre ocasiões comuns e as torne grandes.
José de Alencar,"O sucesso nasce do querer, da determinação e persistência em se chegar a um objetivo."
Desconhecido,A coragem não é ausência do medo; é a persistência apesar do medo.
Roberto Shinyashiki,Tudo o que um sonho precisa para ser realizado é alguém que acredite que ele possa ser realizado.
Charles Swindoll,A vida é 10% o que acontece comigo e 90% como eu reajo a isso.
Orison Swett Marden,Não espere por oportunidades extraordinárias. Agarre ocasiões comuns e as torne grandes.
Cynthia Kersey,Acredite em si próprio e chegará um dia em que os outros não terão outra escolha senão acreditar com você.
Charles Chaplin,A persistência é o caminho do êxito.
Desconhecido,"Se você quer alcançar a grandeza, pare de pedir permissão."
Desconhecido,A coragem não é ausência do medo; é a persistência apesar do medo.
Orison Swett Marden,Não espere por oportunidades extraordinárias. Agarre ocasiões comuns e as torne grandes.
Desconhecido,A coragem não é ausência do medo; é a persistência apesar do medo.
Orison Swett Marden,Não espere por oportunidades extraordinárias. Agarre ocasiões comuns e as torne grandes.
José de Alencar,"O sucesso nasce do querer, da determinação e persistência em se chegar a um objetivo."
Cynthia Kersey,Acredite em si próprio e chegará um dia em que os outros não terão outra escolha senão acreditar com você.
Charles Swindoll,A vida é 10% o que acontece comigo e 90% como eu reajo a isso.
Roberto Shinyashiki,Tudo o que um sonho precisa para ser realizado é alguém que acredite que ele possa ser realizado.
Orison Swett Marden,Não espere por oportunidades extraordinárias. Agarre ocasiões comuns e as torne grandes.
Desconhecido,A coragem não é ausência do medo; é a persistência apesar do medo.
Charles Swindoll,A vida é 10% o que acontece comigo e 90% como eu reajo a isso.
José de Alencar,"O sucesso nasce do querer, da determinação e persistência em se chegar a um objetivo."
José de Alencar,"O sucesso nasce do querer, da determinação e persistência em se chegar a um objetivo."
Friedrich Nietzsche,Só se pode alcançar um grande êxito quando nos mantemos fiéis a nós mesmos.
Charles Chaplin,A persistência é o caminho do êxito.
Winston Churchill,O sucesso é ir de fracasso em fracasso sem perder entusiasmo.
Cynthia Kersey,Acredite em si próprio e chegará um dia em que os outros não terão outra escolha senão acreditar com você.
Winston Churchill,O sucesso é ir de fracasso em fracasso sem perder entusiasmo.
Friedrich Nietzsche,Só se pode alcançar um grande êxito quando nos mantemos fiéis a nós mesmos.
Winston Churchill,O sucesso é ir de fracasso em fracasso sem perder entusiasmo.
Charles Chaplin,A persistência é o caminho do êxito.
Charles Chaplin,A persistência é o caminho do êxito.
José de Alencar,"O sucesso nasce do querer, da determinação e persistência em se chegar a um objetivo."
Desconhecido,"Se você quer alcançar a grandeza, pare de pedir permissão."
Winston Churchill,O sucesso é ir de fracasso em fracasso sem perder entusiasmo.
Cynthia Kersey,Acredite em si próprio e chegará um dia em que os outros não terão outra escolha senão acreditar com você.
Desconhecido,A coragem não é ausência do medo; é a persistência apesar do medo.
Roberto Shinyashiki,Tudo o que um sonho precisa para ser realizado é alguém que acredite que ele possa ser realizado.
Charles Chaplin,A persistência é o caminho do êxito.
José de Alencar,"O sucesso nasce do querer, da determinação e persistência em se chegar a um objetivo."
Charles Swindoll,A vida é 10% o que acontece comigo e 90% como eu reajo a isso.
Desconhecido,"Se você quer alcançar a grandeza, pare de pedir permissão."
Desconhecido,A coragem não é ausência do medo; é a persistência apesar do medo.
Desconhecido,A coragem não é ausência do medo; é a persistência apesar do medo.
Charles Swindoll,A vida é 10% o que acontece comigo e 90% como eu reajo a isso.
José de Alencar,"O sucesso nasce do querer, da determinação e persistência em se chegar a um objetivo."
Friedrich Nietzsche,Só se pode alcançar um grande êxito quando nos mantemos fiéis a nós mesmos.
Friedrich Nietzsche,Só se pode alcançar um grande êxito quando nos mantemos fiéis a nós mesmos.
Orison Swett Marden,Não espere por oportunidades extraordinárias. Agarre ocasiões comuns e as torne grandes.
Desconhecido,"Se você quer alcançar a grandeza, pare de pedir permissão."
Friedrich Nietzsche,Só se pode alcançar um grande êxito quando nos mantemos fiéis a nós mesmos.
Winston Churchill,O sucesso é ir de fracasso em fracasso sem perder entusiasmo.
Friedrich Nietzsche,Só se pode alcançar um grande êxito quando nos mantemos fiéis a nós mesmos.
Winston Churchill,O sucesso é ir de fracasso em fracasso sem perder entusiasmo.
Winston Churchill,O sucesso é ir de fracasso em fracasso sem perder entusiasmo.
José de Alencar,"O sucesso nasce do querer, da determinação e persistência em se chegar a um objetivo."
Friedrich Nietzsche,Só se pode alcançar um grande êxito quando nos mantemos fiéis a nós mesmos.
Orison Swett Marden,Não espere por oportunidades extraordinárias. Agarre ocasiões comuns e as torne grandes.
Charles Chaplin,A persistência é o caminho do êxito.
Cynthia Kersey,Acredite em si próprio e chegará um dia em que os outros não terão outra escolha senão acreditar com você.
José de Alencar,"O sucesso nasce do querer, da determinação e persistência em se chegar a um objetivo."
Orison Swett Marden,Não espere por oportunidades extraordinárias. Agarre ocasiões comuns e as torne grandes.
Winston Churchill,O sucesso é ir de fracasso em fracasso sem perder entusiasmo.
Friedrich Nietzsche,Só se pode alcançar um grande êxito quando nos mantemos fiéis a nós mesmos.
José de Alencar,"O sucesso nasce do querer, da determinação e persistência em se chegar a um objetivo."
Charles Chaplin,A persistência é o caminho do êxito.
Charles Swindoll,A vida é 10% o que acontece comigo e 90% como eu reajo a isso.
Charles Chaplin,A persistência é o caminho do êxito.
Orison Swett Marden,Não espere por oportunidades extraordinárias. Agarre ocasiões comuns e as torne grandes.
Desconhecido,"Se você quer alcançar a grandeza, pare de pedir permissão."
Cynthia Kersey,Acredite em si próprio e chegará um dia em que os outros não terão outra escolha senão acreditar com você.
Orison Swett Marden,Não espere por oportunidades extraordinárias. Agarre ocasiões comuns e as torne grandes.
José de Alencar,"O sucesso nasce do querer, da determinação e persistência em se chegar a um objetivo."
Winston Churchill,O sucesso é ir de fracasso em fracasso sem perder entusiasmo.
Cynthia Kersey,Acredite em si próprio e chegará um dia em que os outros não terão outra escolha senão acreditar com você.
Desconhecido,"Se você quer alcançar a grandeza, pare de pedir permissão."
Charles Chaplin,A persistência é o caminho do êxito.
Charles Chaplin,A persistência é o caminho do êxito.
José de Alencar,"O sucesso nasce do querer, da determinação e persistência em se chegar a um objetivo."
Cynthia Kersey,Acredite em si próprio e chegará um dia em que os outros não terão outra escolha senão acreditar com você.
Desconhecido,"Se você quer alcançar a grandeza, pare de pedir permissão."
José de Alencar,"O sucesso nasce do querer, da determinação e persistência em se chegar a um objetivo."
José de Alencar,"O sucesso nasce do querer, da determinação e persistência em se chegar a um objetivo."
Desconhecido,A coragem não é ausência do medo; é a persistência apesar do medo.
Orison Swett Marden,Não espere por oportunidades extraordinárias. Agarre ocasiões comuns e as torne grandes.
Charles Chaplin,A persistência é o caminho do êxito.
Orison Swett Marden,Não espere por oportunidades extraordinárias. Agarre ocasiões comuns e as torne grandes.
José de Alencar,"O sucesso nasce do querer, da determinação e persistência em se chegar a um objetivo."
Desconhecido,"Se você quer alcançar a grandeza, pare de pedir permissão."
Winston Churchill,O sucesso é ir de fracasso em fracasso sem perder entusiasmo.
José de Alencar,"O sucesso nasce do querer, da determinação e persistência em se chegar a um objetivo."
Friedrich Nietzsche,Só se pode alcançar um grande êxito quando nos mantemos fiéis a nós mesmos.
Cynthia Kersey,Acredite em si próprio e chegará um dia em que os outros não terão outra escolha senão acreditar com você.
Friedrich Nietzsche,Só se pode alcançar um grande êxito quando nos mantemos fiéis a nós mesmos.
Desconhecido,A coragem não é ausência do medo; é a persistência apesar do medo.
Orison Swett Marden,Não espere por oportunidades extraordinárias. Agarre ocasiões comuns e as torne grandes.
Friedrich Nietzsche,Só se pode alcançar um grande êxito quando nos mantemos fiéis a nós mesmos.
Desconhecido,A coragem não é ausência do medo; é a persistência apesar do medo.
Winston Churchill,O sucesso é ir de fracasso em fracasso sem perder entusiasmo.
José de Alencar,"O sucesso nasce do querer, da determinação e persistência em se chegar a um objetivo."
Desconhecido,A coragem não é ausência do medo; é a persistência apesar do medo.
Charles Swindoll,A vida é 10% o que acontece comigo e 90% como eu reajo a isso.
Friedrich Nietzsche,Só se pode alcançar um grande êxito quando nos mantemos fiéis a nós mesmos.
Orison Swett Marden,Não espere por oportunidades extraordinárias. Agarre ocasiões comuns e as torne grandes.
Friedrich Nietzsche,Só se pode alcançar um grande êxito quando nos mantemos fiéis a nós mesmos.
Friedrich Nietzsche,Só se pode alcançar um grande êxito quando nos mantemos fiéis a nós mesmos.
José de Alencar,"O sucesso nasce do querer, da determinação e persistência em se chegar a um objetivo."
Friedrich Nietzsche,Só se pode alcançar um grande êxito quando nos mantemos fiéis a nós mesmos.
Charles Chaplin,A persistência é o caminho do êxito.
Friedrich Nietzsche,Só se pode alcançar um grande êxito quando nos mantemos fiéis a nós mesmos.
Desconhecido,"Se você quer alcançar a grandeza, pare de pedir permissão."
Roberto Shinyashiki,Tudo o que um sonho precisa para ser realizado é alguém que acredite que ele possa ser realizado.
Cynthia Kersey,Acredite em si próprio e chegará um dia em que os outros não terão outra escolha senão acreditar com você.
Roberto Shinyashiki,Tudo o que um sonho precisa para ser realizado é alguém que acredite que ele possa ser realizado.
José de Alencar,"O sucesso nasce do querer, da determinação e persistência em se chegar a um objetivo."
Roberto Shinyashiki,Tudo o que um sonho precisa para ser realizado é alguém que acredite que ele possa ser realizado.
Orison Swett Marden,Não espere por oportunidades extraordinárias. Agarre ocasiões comuns e as torne grandes.
Friedrich Nietzsche,Só se pode alcançar um grande êxito quando nos mantemos fiéis a nós mesmos.
Charles Chaplin,A persistência é o caminho do êxito.
Roberto Shinyashiki,Tudo o que um sonho precisa para ser realizado é alguém que acredite que ele possa ser realizado.
Charles Swindoll,A vida é 10% o que acontece comigo e 90% como eu reajo a isso.
Winston Churchill,O sucesso é ir de fracasso em fracasso sem perder entusiasmo.
Roberto Shinyashiki,Tudo o que um sonho precisa para ser realizado é alguém que acredite que ele possa ser realizado.
Desconhecido,"Se você quer alcançar a grandeza, pare de pedir permissão."
Winston Churchill,O sucesso é ir de fracasso em fracasso sem perder entusiasmo.
Desconhecido,A coragem não é ausência do medo; é a persistência apesar do medo.
Desconhecido,"Se você quer alcançar a grandeza, pare de pedir permissão."
Desconhecido,A coragem não é ausência do medo; é a persistência apesar do medo.
Desconhecido,A coragem não é ausência do medo; é a persistência apesar do medo.
Charles Chaplin,A persistência é o caminho do êxito.
Roberto Shinyashiki,Tudo o que um sonho precisa para ser realizado é alguém que acredite que ele possa ser realizado.
Cynthia Kersey,Acredite em si próprio e chegará um dia em que os outros não terão outra escolha senão acreditar com você.
Desconhecido,"Se você quer alcançar a grandeza, pare de pedir permissão."
Orison Swett Marden,Não espere por oportunidades extraordinárias. Agarre ocasiões comuns e as torne grandes.
Cynthia Kersey,Acredite em si próprio e chegará um dia em que os outros não terão outra escolha senão acreditar com você.
Desconhecido,"Se você quer alcançar a grandeza, pare de pedir permissão."
José de Alencar,"O sucesso nasce do querer, da determinação e persistência em se chegar a um objetivo."
Orison Swett Marden,Não espere por oportunidades extraordinárias. Agarre ocasiões comuns e as torne grandes.
Cynthia Kersey,Acredite em si próprio e chegará um dia em que os outros não terão outra escolha senão acreditar com você.
Winston Churchill,O sucesso é ir de fracasso em fracasso sem perder entusiasmo.
Roberto Shinyashiki,Tudo o que um sonho precisa para ser realizado é alguém que acredite que ele possa ser realizado.
Orison Swett Marden,Não espere por oportunidades extraordinárias. Agarre ocasiões comuns e as torne grandes.
Roberto Shinyashiki,Tudo o que um sonho precisa para ser realizado é alguém que acredite que ele possa ser realizado.
Friedrich Nietzsche,Só se pode alcançar um grande êxito quando nos mantemos fiéis a nós mesmos.
Orison Swett Marden,Não espere por oportunidades extraordinárias. Agarre ocasiões comuns e as torne grandes.
Cynthia Kersey,Acredite em si próprio e chegará um dia em que os outros não terão outra escolha senão acreditar com você.
Friedrich Nietzsche,Só se pode alcançar um grande êxito quando nos mantemos fiéis a nós mesmos.
Orison Swett Marden,Não espere por oportunidades extraordinárias. Agarre ocasiões comuns e as torne grandes.
Winston Churchill,O sucesso é ir de fracasso em fracasso sem perder entusiasmo.
Desconhecido,"Se você quer alcançar a grandeza, pare de pedir permissão."
Roberto Shinyashiki,Tudo o que um sonho precisa para ser realizado é alguém que acredite que ele possa ser realizado.
Desconhecido,"Se você quer alcançar a grandeza, pare de pedir permissão."
Winston Churchill,O sucesso é ir de fracasso em fracasso sem perder entusiasmo.
Friedrich Nietzsche,Só se pode alcançar um grande êxito quando nos mantemos fiéis a nós mesmos.
Roberto Shinyashiki,Tudo o que um sonho precisa para ser realizado é alguém que acredite que ele possa ser realizado.
Charles Chaplin,A persistência é o caminho do êxito.
Charles Chaplin,A persistência é o caminho do êxito.
Friedrich Nietzsche,Só se pode alcançar um grande êxito quando nos mantemos fiéis a nós mesmos.
Cynthia Kersey,Acredite em si próprio e chegará um dia em que os outros não terão outra escolha senão acreditar com você.
Cynthia Kersey,Acredite em si próprio e chegará um dia em que os outros não terão outra escolha senão acreditar com você.
José de Alencar,"O sucesso nasce do querer, da determinação e persistência em se chegar a um objetivo."
Charles Swindoll,A vida é 10% o que acontece comigo e 90% como eu reajo a isso.
Winston Churchill,O sucesso é ir de fracasso em fracasso sem perder entusiasmo.
Desconhecido,"Se você quer alcançar a grandeza, pare de pedir permissão."
Roberto Shinyashiki,Tudo o que um sonho precisa para ser realizado é alguém que acredite que ele possa ser realizado.
Friedrich Nietzsche,Só se pode alcançar um grande êxito quando nos mantemos fiéis a nós mesmos.
Roberto Shinyashiki,Tudo o que um sonho precisa para ser realizado é alguém que acredite que ele possa ser realizado.
Cynthia Kersey,Acredite em si próprio e chegará um dia em que os outros não terão outra escolha senão acreditar com você.
Charles Chaplin,A persistência é o caminho do êxito.
Orison Swett Marden,Não espere por oportunidades extraordinárias. Agarre ocasiões comuns e as torne grandes.
Desconhecido,A coragem não é ausência do medo; é a persistência apesar do medo.
Orison Swett Marden,Não espere por oportunidades extraordinárias. Agarre ocasiões comuns e as torne grandes.
Friedrich Nietzsche,Só se pode alcançar um grande êxito quando nos mantemos fiéis a nós mesmos.
José de Alencar,"O sucesso nasce do querer, da determinação e persistência em se chegar a um objetivo."
Charles Chaplin,A persistência é o caminho do êxito.
Charles Chaplin,A persistência é o caminho do êxito.
Cynthia Kersey,Acredite em si próprio e chegará um dia em que os outros não terão outra escolha senão acreditar com você.
Desconhecido,A coragem não é ausência do medo; é a persistência apesar do medo.
Charles Chaplin,A persistência é o caminho do êxito.
Cynthia Kersey,Acredite em si próprio e chegará um dia em que os outros não terão outra escolha senão acreditar com você.
Roberto Shinyashiki,Tudo o que um sonho precisa para ser realizado é alguém que acredite que ele possa ser realizado.
Charles Chaplin,A persistência é o caminho do êxito.
Desconhecido,A coragem não é ausência do medo; é a persistência apesar do medo.
Winston Churchill,O sucesso é ir de fracasso em fracasso sem perder entusiasmo.
Charles Chaplin,A persistência é o caminho do êxito.
Charles Chaplin,A persistência é o caminho do êxito.
Cynthia Kersey,Acredite em si próprio e chegará um dia em que os outros não terão outra escolha senão acreditar com você.
Orison Swett Marden,Não espere por oportunidades extraordinárias. Agarre ocasiões comuns e as torne grandes.
Cynthia Kersey,Acredite em si próprio e chegará um dia em que os outros não terão outra escolha senão acreditar com você.
Charles Swindoll,A vida é 10% o que acontece comigo e 90% como eu reajo a isso.
Charles Swindoll,A vida é 10% o que acontece comigo e 90% como eu reajo a isso.
Winston Churchill,O sucesso é ir de fracasso em fracasso sem perder entusiasmo.
Desconhecido,A coragem não é ausência do medo; é a persistência apesar do medo.
Charles Chaplin,A persistência é o caminho do êxito.
Desconhecido,"Se você quer alcançar a grandeza, pare de pedir permissão."
Friedrich Nietzsche,Só se pode alcançar um grande êxito quando nos mantemos fiéis a nós mesmos.
Charles Chaplin,A persistência é o caminho do êxito.
Charles Chaplin,A persistência é o caminho do êxito.
Friedrich Nietzsche,Só se pode alcançar um grande êxito quando nos mantemos fiéis a nós mesmos.
Roberto Shinyashiki,Tudo o que um sonho precisa para ser realizado é alguém que acredite que ele possa ser realizado.
Charles Chaplin,A persistência é o caminho do êxito.
Charles Swindoll,A vida é 10% o que acontece comigo e 90% como eu reajo a isso.
Charles Swindoll,A vida é 10% o que acontece comigo e 90% como eu reajo a isso.
Winston Churchill,O sucesso é ir de fracasso em fracasso sem perder entusiasmo.
Orison Swett Marden,Não espere por oportunidades extraordinárias. Agarre ocasiões comuns e as torne grandes.
Charles Swindoll,A vida é 10% o que acontece comigo e 90% como eu reajo a isso.
Roberto Shinyashiki,Tudo o que um sonho precisa para ser realizado é alguém que acredite que ele possa ser realizado.
Charles Swindoll,A vida é 10% o que acontece comigo e 90% como eu reajo a isso.
Desconhecido,A coragem não é ausência do medo; é a persistência apesar do medo.
Winston Churchill,O sucesso é ir de fracasso em fracasso sem perder entusiasmo.
Cynthia Kersey,Acredite em si próprio e chegará um dia em que os outros não terão outra escolha senão acreditar com você.
Charles Swindoll,A vida é 10% o que acontece comigo e 90% como eu reajo a isso.
Charles Swindoll,A vida é 10% o que acontece comigo e 90% como eu reajo a isso.
Orison Swett Marden,Não espere por oportunidades extraordinárias. Agarre ocasiões comuns e as torne grandes.
Charles Chaplin,A persistência é o caminho do êxito.
Cynthia Kersey,Acredite em si próprio e chegará um dia em que os outros não terão outra escolha senão acreditar com você.
Charles Chaplin,A persistência é o caminho do êxito.
José de Alencar,"O sucesso nasce do querer, da determinação e persistência em se chegar a um objetivo."
Orison Swett Marden,Não espere por oportunidades extraordinárias. Agarre ocasiões comuns e as torne grandes.
Charles Chaplin,A persistência é o caminho do êxito.
Friedrich Nietzsche,Só se pode alcançar um grande êxito quando nos mantemos fiéis a nós mesmos.
José de Alencar,"O sucesso nasce do querer, da determinação e persistência em se chegar a um objetivo."
Friedrich Nietzsche,Só se pode alcançar um grande êxito quando nos mantemos fiéis a nós mesmos.
José de Alencar,"O sucesso nasce do querer, da determinação e persistência em se chegar a um objetivo."
José de Alencar,"O sucesso nasce do querer, da determinação e persistência em se chegar a um objetivo."
Charles Swindoll,A vida é 10% o que acontece comigo e 90% como eu reajo a isso.
Roberto Shinyashiki,Tudo o que um sonho precisa para ser realizado é alguém que acredite que ele possa ser realizado.
Desconhecido,"Se você quer alcançar a grandeza, pare de pedir permissão."
Cynthia Kersey,Acredite em si próprio e chegará um dia em que os outros não terão outra escolha senão acreditar com você.
Orison Swett Marden,Não espere por oportunidades extraordinárias. Agarre ocasiões comuns e as torne grandes.
Desconhecido,"Se você quer alcançar a grandeza, pare de pedir permissão."
José de Alencar,"O sucesso nasce do querer, da determinação e persistência em se chegar a um objetivo."
Winston Churchill,O sucesso é ir de fracasso em fracasso sem perder entusiasmo.
Cynthia Kersey,Acredite em si próprio e chegará um dia em que os outros não terão outra escolha senão acreditar com você.
Cynthia Kersey,Acredite em si próprio e chegará um dia em que os outros não terão outra escolha senão acreditar com você.
Cynthia Kersey,Acredite em si próprio e chegará um dia em que os outros não terão outra escolha senão acreditar com você.
Orison Swett Marden,Não espere por oportunidades extraordinárias. Agarre ocasiões comuns e as torne grandes.
Orison Swett Marden,Não espere por oportunidades extraordinárias. Agarre ocasiões comuns e as torne grandes.
Friedrich Nietzsche,Só se pode alcançar um grande êxito quando nos mantemos fiéis a nós mesmos.
Cynthia Kersey,Acredite em si próprio e chegará um dia em que os outros não terão outra escolha senão acreditar com você.
Charles Swindoll,A vida é 10% o que acontece comigo e 90% como eu reajo a isso.
Desconhecido,A coragem não é ausência do medo; é a persistência apesar do medo.
Roberto Shinyashiki,Tudo o que um sonho precisa para ser realizado é alguém que acredite que ele possa ser realizado.
Charles Chaplin,A persistência é o caminho do êxito.
Charles Swindoll,A vida é 10% o que acontece comigo e 90% como eu reajo a isso.
Orison Swett Marden,Não espere por oportunidades extraordinárias. Agarre ocasiões comuns e as torne grandes.
Orison Swett Marden,Não espere por oportunidades extraordinárias. Agarre ocasiões comuns e as torne grandes.
Winston Churchill,O sucesso é ir de fracasso em fracasso sem perder entusiasmo.
Roberto Shinyashiki,Tudo o que um sonho precisa para ser realizado é alguém que acredite que ele possa ser realizado.
Winston Churchill,O sucesso é ir de fracasso em fracasso sem perder entusiasmo.
Cynthia Kersey,Acredite em si próprio e chegará um dia em que os outros não terão outra escolha senão acreditar com você.
Cynthia Kersey,Acredite em si próprio e chegará um dia em que os outros não terão outra escolha senão acreditar com você.
Friedrich Nietzsche,Só se pode alcançar um grande êxito quando nos mantemos fiéis a nós mesmos.
Desconhecido,A coragem não é ausência do medo; é a persistência apesar do medo.
Orison Swett Marden,Não espere por oportunidades extraordinárias. Agarre ocasiões comuns e as torne grandes.
Desconhecido,A coragem não é ausência do medo; é a persistência apesar do medo.
Orison Swett Marden,Não espere por oportunidades extraordinárias. Agarre ocasiões comuns e as torne grandes.
Orison Swett Marden,Não espere por oportunidades extraordinárias. Agarre ocasiões comuns e as torne grandes.
Charles Swindoll,A vida é 10% o que acontece comigo e 90% como eu reajo a isso.
Friedrich Nietzsche,Só se pode alcançar um grande êxito quando nos mantemos fiéis a nós mesmos.
Winston Churchill,O sucesso é ir de fracasso em fracasso sem perder entusiasmo.
Charles Swindoll,A vida é 10% o que acontece comigo e 90% como eu reajo a isso.
José de Alencar,"O sucesso nasce do querer, da determinação e persistência em se chegar a um objetivo."
Charles Chaplin,A persistência é o caminho do êxito.
José de Alencar,"O sucesso nasce do querer, da determinação e persistência em se chegar a um objetivo."
Charles Chaplin,A persistência é o caminho do êxito.
Desconhecido,"Se você quer alcançar a grandeza, pare de pedir permissão."
Roberto Shinyashiki,Tudo o que um sonho precisa para ser realizado é alguém que acredite que ele possa ser realizado.
Cynthia Kersey,Acredite em si próprio e chegará um dia em que os outros não terão outra escolha senão acreditar com você.
José de Alencar,"O sucesso nasce do querer, da determinação e persistência em se chegar a um objetivo."
Friedrich Nietzsche,Só se pode alcançar um grande êxito quando nos mantemos fiéis a nós mesmos.
Charles Swindoll,A vida é 10% o que acontece comigo e 90% como eu reajo a isso.
Charles Swindoll,A vida é 10% o que acontece comigo e 90% como eu reajo a isso.
Cynthia Kersey,Acredite em si próprio e chegará um dia em que os outros não terão outra escolha senão acreditar com você.
Charles Chaplin,A persistência é o caminho do êxito.
Desconhecido,A coragem não é ausência do medo; é a persistência apesar do medo.
Desconhecido,"Se você quer alcançar a grandeza, pare de pedir permissão."
Orison Swett Marden,Não espere por oportunidades extraordinárias. Agarre ocasiões comuns e as torne grandes.
Cynthia Kersey,Acredite em si próprio e chegará um dia em que os outros não terão outra escolha senão acreditar com você.
Winston Churchill,O sucesso é ir de fracasso em fracasso sem perder entusiasmo.
Winston Churchill,O sucesso é ir de fracasso em fracasso sem perder entusiasmo.
José de Alencar,"O sucesso nasce do querer, da determinação e persistência em se chegar a um objetivo."
Friedrich Nietzsche,Só se pode alcançar um grande êxito quando nos mantemos fiéis a nós mesmos.
Roberto Shinyashiki,Tudo o que um sonho precisa para ser realizado é alguém que acredite que ele possa ser realizado.
Desconhecido,"Se você quer alcançar a grandeza, pare de pedir permissão."
Winston Churchill,O sucesso é ir de fracasso em fracasso sem perder entusiasmo.
Roberto Shinyashiki,Tudo o que um sonho precisa para ser realizado é alguém que acredite que ele possa ser realizado.
Roberto Shinyashiki,Tudo o que um sonho precisa para ser realizado é alguém que acredite que ele possa ser realizado.
Roberto Shinyashiki,Tudo o que um sonho precisa para ser realizado é alguém que acredite que ele possa ser realizado.
Charles Chaplin,A persistência é o caminho do êxito.
Cynthia Kersey,Acredite em si próprio e chegará um dia em que os outros não terão outra escolha senão acreditar com você.
Desconhecido,A coragem não é ausência do medo; é a persistência apesar do medo.
Charles Chaplin,A persistência é o caminho do êxito.
Orison Swett Marden,Não espere por oportunidades extraordinárias. Agarre ocasiões comuns e as torne grandes.
Charles Chaplin,A persistência é o caminho do êxito.
Charles Swindoll,A vida é 10% o que acontece comigo e 90% como eu reajo a isso.
Cynthia Kersey,Acredite em si próprio e chegará um dia em que os outros não terão outra escolha senão acreditar com você.
Friedrich Nietzsche,Só se pode alcançar um grande êxito quando nos mantemos fiéis a nós mesmos.
Cynthia Kersey,Acredite em si próprio e chegará um dia em que os outros não terão outra escolha senão acreditar com você.
Winston Churchill,O sucesso é ir de fracasso em fracasso sem perder entusiasmo.
Orison Swett Marden,Não espere por oportunidades extraordinárias. Agarre ocasiões comuns e as torne grandes.
Friedrich Nietzsche,Só se pode alcançar um grande êxito quando nos mantemos fiéis a nós mesmos.
Cynthia Kersey,Acredite em si próprio e chegará um dia em que os outros não terão outra escolha senão acreditar com você.
Charles Chaplin,A persistência é o caminho do êxito.
Charles Chaplin,A persistência é o caminho do êxito.
Orison Swett Marden,Não espere por oportunidades extraordinárias. Agarre ocasiões comuns e as torne grandes.
Winston Churchill,O sucesso é ir de fracasso em fracasso sem perder entusiasmo.
Charles Swindoll,A vida é 10% o que acontece comigo e 90% como eu reajo a isso.
Charles Swindoll,A vida é 10% o que acontece comigo e 90% como eu reajo a isso.
Desconhecido,A coragem não é ausência do medo; é a persistência apesar do medo.
